Year,Tamil_Nadu,Tamil_Nadu,Gujarat,Gujarat,Tripura,Tripura,Jammu_and_Kashmir,Jammu_and_Kashmir,Jharkhand,Jharkhand,India,India,Nagaland,Nagaland,West_Bengal,West_Bengal,Uttarakhand,Uttarakhand,Andhra_Pradesh,Andhra_Pradesh,Karnataka,Karnataka,Assam,Assam,Kerala,Kerala,Puducherry,Puducherry,Andaman_and_Nicobar_Islands,Andaman_and_Nicobar_Islands,Meghalaya,Meghalaya,Rajasthan,Rajasthan,Arunachal_Pradesh,Arunachal_Pradesh,Goa,Goa,Punjab,Punjab,Delhi,Delhi,Maharashtra,Maharashtra,Bihar,Bihar,Manipur,Manipur,Sikkim,Sikkim,Uttar_Pradesh,Uttar_Pradesh,Mizoram,Mizoram,Himachal_Pradesh,Himachal_Pradesh,Lakshadweep,Lakshadweep,Daman_and_Diu,Daman_and_Diu,Haryana,Haryana,Dadra_and_Nagar_Haveli,Dadra_and_Nagar_Haveli,Madhya_Pradesh,Madhya_Pradesh,Chattisgarh,Chattisgarh,Chandigarh,Chandigarh,Odisha,Odisha
Year,Area,Value,Area,Value,Area,Value,Area,Value,Area,Value,Area,Value,Area,Value,Area,Value,Area,Value,Area,Value,Area,Value,Area,Value,Area,Value,Area,Value,Area,Value,Area,Value,Area,Value,Area,Value,Area,Value,Area,Value,Area,Value,Area,Value,Area,Value,Area,Value,Area,Value,Area,Value,Area,Value,Area,Value,Area,Value,Area,Value,Area,Value,Area,Value,Area,Value,Area,Value,Area,Value,Area,Value
1953,0,0,0,0,0,0,0,0,0.93,29,0.93,42.08,0,0,0,0.05,0,10.82,0,0,0,0,0,2.12,0,0,0,0,0,0,0,0,0,0,0,0,0,0,0,0.02,0,0,0,0,0.93,29,0,0,0,0,0,10.82,0,0,0,0,0,0,0,0,0,0,0,0,0,0.07,0,0.07,0,0,0,0
1954,0,0,0,0.013,0,0.028,0,0.27,1.59,15,2.61,40.52,0,0,0,7.6,0.74,6.82,0,0,0,0,0.27,10.62,0,0,0,0,0,0,0,0,0,0,0,0,0,0,0.01,0.17,0,0,0,0,1.59,15,0,0,0,0,0.74,6.82,0,0,0,0,0,0,0,0,0,0,0,0,0,0,0,0,0,0,0,0
1955,0,0,0,0,0,0.057,0,0,1.01,20.3,5.31,77.8,0,0,0,0.5,2.57,26.38,0.19,1.26,0,0,0.09,2.466,0,0,0,0,0,0,0,0,0,0,0,0,0,0,0.92,15.98,0,0.15,0,0,1.01,20.3,0,0,0,0,2.57,26.38,0,0,0,0,0,0,0,0,0.12,2.8,0,0,0,3,0,3,0,0,0.41,7.88
1956,0,0.01,0,0.287,0,0.13,0,0,0.4,5.22,1.11,44.44,0,0,0.4,7.42,0,21.48,0.05,0.27,0,0,0.08,3.098,0,0,0,0,0,0,0,0,0,0,0,0,0,0,0.06,0.8,0.01,0.04,0,0.208,0.4,5.22,0,0,0,0,0,21.48,0,0,0,0.01,0,0,0,0,0.02,3.319,0,0,0,0,0,0,0,0,0.09,2.15
1957,0,0,0,0.68,0,0,0,0,0.3,0,0.45,14.12,0,0,0,0.007,0,10.67,0.01,0,0,0.017,0.02,1.007,0.01,0.113,0,0,0,0,0,0,0,0,0,0,0,0,0.08,1.61,0,0.021,0,0,0.3,0,0,0,0,0,0,10.67,0,0,0.01,0.078,0,0,0,0,0,0,0,0,0.02,0,0.02,0,0,0,0,0
1958,0,0,0,0.026,0.01,0.175,0,0.16,0.29,3.198,1.4,38.28,0,0,0.13,5.55,0,0,0.08,1.121,0,0,0.07,1.705,0,0.015,0,0,0,0,0,0,0.03,0.81,0,0,0,0,0.43,18.1,0.01,0.015,0.11,0,0.29,3.198,0,0,0,0,0,0,0,0,0,0,0,0,0,0,0.22,7.3,0,0,0,0,0,0,0,0,0.02,0.1
1959,0.01,0,0,1.514,0,0,0.08,0,0.15,0,1.54,56.76,0,0,0.61,44,0,0,0.07,0,0,0.06,0.19,6.065,0,0,0,0,0,0,0,0,0,0,0,0,0,0,0.06,1.75,0,0,0.12,0,0.15,0,0.01,0,0,0,0,0,0,0,0,0,0,0,0,0,0.03,0.64,0,0,0.01,0.072,0.01,0.072,0,0,0.2,3.24
1960,0,0,0.01,0.005,0,0,0,0,0.17,0,2.27,42.55,0,0,0.02,0,0.59,0,0,0,0,0,0.22,7.629,0,0,0,0,0,0,0,0,0.02,1.06,0,0,0,0,0.37,9.94,0.01,0,0,0,0.17,0,0,0,0,0,0.59,0,0,0,0,0.25,0,0,0,0,0.28,3.669,0,0,0,0,0,0,0,0,0.59,20
1961,0.01,0.447,0.26,0.686,0,0,0,0,0.45,13.25,1.97,24.04,0,0,0.01,0,0.22,0,0.01,0.121,0.01,0,0.02,0.431,0.05,0.301,0,0,0,0,0,0,0.03,0,0,0,0,0,0.2,4.72,0.01,1.029,0.01,0.087,0.45,13.25,0,0,0,0,0.22,0,0,0,0,0,0,0,0,0,0.17,2.96,0,0,0.01,0,0.01,0,0,0,0.51,0
1962,0,0,0.02,0.115,0,0.018,0,0,0.67,9.57,3.39,83.18,0,0,0.02,6.17,1.06,19.351,0.1,0,0.01,0.098,0.38,19.205,0.02,0.227,0,0,0,0,0,0,0,0.103,0,0,0,0,0.97,24.32,0,0.067,0.03,0.341,0.67,9.57,0.01,0.027,0,0,1.06,19.351,0,0,0,0,0,0,0,0,0.1,3.53,0,0,0,0.032,0,0.032,0,0,0,0.012
1963,0.01,0.297,0.06,0.388,0.01,0.324,0,0,0,0.758,2.05,30.17,0,0,0.03,0.15,1.2,18.306,0.18,0.094,0,0,0.08,1.974,0,0,0,0,0,0,0,0,0,0.48,0,0,0,0,0.02,0.48,0.01,0.636,0.16,1.32,0,0.758,0,0.006,0,0,1.2,18.306,0,0,0,0,0,0,0,0,0.2,3.95,0,0,0,0,0,0,0,0,0.09,1
1964,0.01,0.1,0.02,0.085,0.03,0.05,0,0,0.53,11.088,2.49,56.87,0,0,0.02,0.73,0.77,11.208,0.11,1,0,0,0.15,2.381,0.01,0.078,0,0,0,0,0,0,0.02,0.52,0,0,0,0,0.33,15.1,0.02,1.25,0.01,0.046,0.53,11.088,0.01,0.082,0,0,0.77,11.208,0,0,0,0,0,0,0,0,0.29,11.13,0,0,0,0.005,0,0.005,0,0,0.16,2.02
1965,0.01,0,0,0.005,0,0.045,0,0,0.11,1.804,0.27,5.87,0,0,0.06,2.85,0,0.11,0,0,0.01,0,0.02,0.65,0,0,0,0,0,0,0,0,0,0,0,0,0,0,0,0.02,0,0,0,0,0.11,1.804,0,0,0,0,0,0.11,0,0,0,0,0,0,0,0,0.02,0.39,0,0,0.05,0,0.05,0,0,0,0.03,0
1966,0,0,0,0,0.01,0.52,0.02,0,1.12,39,2.16,80.15,0,0,0.03,1.59,0.28,6.909,0.04,1.05,0,0,0.4,21.7,0,0,0,0,0,0,0,0,0,0,0,0,0,0,0.18,8.27,0,0.2,0,0,1.12,39,0,0,0,0,0.28,6.909,0,0,0,0,0,0,0,0,0.07,0.91,0,0,0,0,0,0,0,0,0.01,0
1967,0,0,0,0.03,0,0.01,0,0,0.73,19.34,3.27,133.31,0,0,0.42,19.62,1.52,55.55,0,0,0,0,0.07,2.38,0,0,0,0,0,0,0,0,0.05,5.87,0,0,0,0,0.04,2.67,0.01,1.17,0,0,0.73,19.34,0,0,0,0,1.52,55.55,0,0,0,0,0,0,0,0,0.15,17.49,0,0,0.01,0.43,0.01,0.43,0,0,0.27,8.75
1968,0,0,0.17,6.754,0.02,0.97,0,0,0.19,10.14,2.62,144.61,0,0,0.95,53.56,0.4,8.31,0.07,24.089,0,0.37,0.13,8.032,0.11,7,0,0,0,0,0,0,0,0,0,0,0,0,0.06,6.17,0,0.02,0.02,1.3,0.19,10.14,0,0,0,0,0.4,8.31,0,0,0,0.007,0,0,0,0,0.13,9.31,0,0,0,0,0,0,0,0,0.37,8.58
1969,0,0,0.04,1.189,0.01,0.325,0,0,0.51,28.8,2.91,281.9,0,0,0.17,78.02,1.31,34.601,0,109,0.01,0.198,0.1,5.509,0.04,0.409,0,0,0,0,0,0,0.24,3.87,0,0,0,0,0.02,1.05,0,0,0.09,4.484,0.51,28.8,0.01,0,0,0,1.31,34.601,0,0,0,0.134,0,0,0,0,0.07,3.27,0,0,0.01,0.006,0.01,0.006,0,0,0.28,11.02
1970,0,0.054,1.08,16.95,0,0.01,0,0,0.38,14.74,4.91,162.78,0,0,0.9,60.89,1.7,43,0.13,1.36,0.02,1.04,0.2,8.603,0.01,0.36,0,0,0,0,0,0,0,0,0,0,0,0,0.01,0.31,0,0,0.14,3.122,0.38,14.74,0,0.09,0,0,1.7,43,0,0,0,0,0,0,0,0,0,0.009,0,0,0.02,0,0.02,0,0,0,0.32,12.25
1971,0,0,0.01,0.592,0,0.02,0,0,1.55,143.912,6.24,423.13,0,0,1.08,123.93,2.65,108.12,0,0,0,0.03,0.11,4.721,0.04,1.408,0,0,0,0,0,0,0,0,0,0,0,0,0.06,4.62,0,0.12,0,0.022,1.55,143.912,0,0.013,0,0,2.65,108.12,0,0,0.13,10.495,0,0,0,0,0.13,5.24,0,0,0.01,0.313,0.01,0.313,0,0,0.47,19.57
1972,0.12,7.332,0.02,0.5,0,0,0,0,0.02,1.62,2.45,98.56,0,0,0.14,10.09,0.18,2.842,0.2,15.75,0.01,1.554,0.38,23.248,0.05,1.263,0,0,0,0,0,0,0.11,2.63,0,0,0,0,0.01,0.53,0,0.037,0,0.084,0.02,1.62,0,0,0,0,0.18,2.842,0,0,0,0,0,0,0,0,0.01,0.3,0,0,0,0,0,0,0,0,1.2,30.78
1973,0.33,7.301,1.05,86.589,0.03,11.592,0.02,3.78,0.35,19.706,3.73,428.03,0,0.031,0.42,34.93,1.5,67.45,0,0,0,0.143,0.29,15.68,0.01,0.55,0,0,0,0,0.03,0.353,0.83,75,0,0,0,0,0.08,7.1,0,0.016,0.02,0.714,0.35,19.706,0,0.092,0,0,1.5,67.45,0,0,0,0.17,0,0,0,0,0.01,0.02,0,0,0,58.828,0,58.828,0,0,0.72,37.98
1974,0,0,0.01,0.38,0,0,0,0,1.75,294.95,3.33,411.64,0,0,0.21,26.26,0.9,57.517,0,0,0,0.31,0.26,17.767,0.04,12.575,0,0,0,0.007,0.01,0.394,0.01,0.012,0,0,0,0.007,0,0,0,0.15,0,0.138,1.75,294.95,0,0.66,0,0,0.9,57.517,0,0.007,0,0,0,0,0,0,0,0,0,0,0.01,0.488,0.01,0.488,0,0,0.12,0.015
1975,0,0,0.6,62.662,0.01,0.453,0,0,1.1,136.553,3.85,271.49,0,0,0.04,3.94,1.38,30.78,0,0.156,0,0.168,0.01,0.32,0.01,0.342,0,0.008,0,0,0,0,0.07,3.514,0,0,0,0,0.05,4.03,0,0.3,0.04,1.374,1.1,136.553,0,0,0,0,1.38,30.78,0,0,0,0,0,0,0,0,0.04,3.62,0,0,0,0.06,0,0.06,0,0,0.42,23.21
1976,0.33,0.118,0.63,22.161,0.02,3.005,0.03,0,0.85,94.639,6.04,595.03,0,0,0.16,16.9,2.16,186,0.89,186.727,0,0.041,0.11,8.652,0.004,0.2,0,0,0,0,0,0.027,0.09,2.57,0,0,0,0.14,0.22,36.4,0,0,0.04,1.873,0.85,94.639,0.02,5.3,0,0,2.16,186,0,0.14,0,0,0,0,0,0,0.37,29.71,0,0.02,0,0.48,0,0.48,0,0,0,0.05
1977,0.01,47.14,0.94,23.686,0.02,0.92,0,0,0.23,11.788,6.84,720.61,0,0,0.35,39.47,0.61,75,0,352.264,0,0.036,0.45,26.537,0.09,6.44,0.01,1.25,0,0,0,0,3.09,58.75,0,0.035,0,0,0.01,0.69,0.01,3.55,0,0.036,0.23,11.788,0,0,0,0,0.61,75,0,0,0.03,9.487,0,0,0,0,0.8,56,0,0,0,0,0,0,0,0,0.19,7.51
1978,0,0,0.26,6.091,0.01,0.611,0,0.042,0.97,94.603,9.96,911.09,0,0,1.14,207.35,3.93,382,0.49,54.028,0,0.255,0.08,3.925,0.11,23.358,0,0.32,0,0,0,0,1.78,21.75,0,0,0,0,0.11,22.05,0.04,9.324,0.09,3.488,0.97,94.603,0,0,0,0.249,3.93,382,0,0,0.09,24,0,0.088,0,0,0.48,42.98,0,0,0.09,3.404,0.09,3.404,0,0,0.33,11.17
1979,0.04,4.842,0.48,16.55,0,0,0,0,0.27,19.015,2.17,169.97,0,0,0,0,5.2,51.769,0.07,21.644,0,0.15,0.24,26.142,0.1,0.217,0,0,0,0,0,0,0.18,23.63,0,0,0,0,0,0.44,0,0,0.09,5.044,0.27,19.015,0,0,0,0,5.2,51.769,0,0,0,0.005,0,0,0,0,0,0.006,0,0,0,0.022,0,0.022,0,0,0.18,0.5
1980,0.024,0.018,0.28,22.02,0,0,0,0.005,1,0,5.55,366.37,0,0,0.21,33.38,3.09,190.118,0.03,9.221,0.02,1.088,0.29,32.366,0.06,9.427,0,0,0,0,0,0,0,0,0,0,0,0,0.05,4.32,0,0.12,0,0.208,1,0,0.05,3.12,0,0,3.09,190.118,0,0,0,0.089,0,0,0,0,0.12,20.41,0,0,0,0,0,0,0,0,0.36,40.48
1981,0,0,0.23,8.432,0,0,0,0,0.77,72.132,3.27,524.56,0,0,0.09,28.75,1.64,365,0,0,0.05,1.034,0.07,7.011,0.09,15.113,0.009,0,0,0,0,0,0.25,24.8,0,0,0,0,0.02,1.63,0,0.022,0.01,0.345,0.77,72.132,0,0,0,0,1.64,365,0,0,0,0.004,0,0,0,0,0.01,0.24,0,0,0,0,0,0,0,0,0.04,0.06
1982,0,0.029,0,105.283,0.04,3.219,0,0,0.32,97.004,5,589.4,0,0,0.03,4.66,3.3,330.87,0.04,2.28,0.06,2.36,0.1,8.9,0,0.6,0,0,0,0,0,0,0.05,4.4,0,0,0,0,0,0,0,0,0,1.896,0.32,97.004,0.02,2.666,0,0,3.3,330.87,0,0,0,0,0,0,0,0,0,0,0,0,0,25.23,0,25.23,0,0,1.2,0
1983,0.22,102.544,0.22,37.516,0.05,15.431,0,0.229,0.37,23.434,3.29,1285.85,0,0,0.06,9.56,2.5,624.69,0.714,312.9,0.05,2.635,0.14,14.743,0,0.707,0,0,0,0,0,0.48,0.02,2.72,0,0.33,0,0,0.04,7.35,0.02,0.352,0,53.751,0.37,23.434,0,0.023,0.02,6.473,2.5,624.69,0,0,0.12,27.307,0,0,0,0,0.23,32.28,0,0,0.07,7.112,0.07,7.112,0,0,0.09,3.26
1984,0,45.098,0.45,4.231,0.02,7.515,0,0,1.59,185.439,5.19,906.09,0,0,0.49,124.67,1.04,260.37,0.4,136.69,0,0.14,0.49,48.985,0.05,8.708,0,0,0,0,0,8.58,0.14,30.37,0,0,0,0,0,0.56,0,0,0.01,1.713,1.59,185.439,0.01,1.857,0.01,7.634,1.04,260.37,0,0,0,0.025,0,0,0,0,0.03,1.9,0,0,0.03,1.139,0.03,1.139,0,0,0.42,30.45
1985,0.18,37.45,0,0.071,0.009,2.431,0,0.004,0.42,30.342,4.65,1425.37,0.004,0.541,0.04,2.85,2.42,967.53,0,0.094,0,0.03,0.08,1.979,0.09,161.5,0.011,4.37,0,0.015,0,1.5,0.1,1.95,0.004,0.449,0,0,0.14,42.12,0,0,0,0.126,0.42,30.342,0,3.681,0.01,1.032,2.42,967.53,0,0,0.39,79.551,0,0,0,0,0.12,25.6,0,0,0,0,0,0,0,0,0.63,60.15
1986,0.004,0,0,0.005,0,0.441,0,10.76,0.75,103.66,4.58,1231.58,0,0.464,0.42,139.5,0.65,258,1.34,451.61,0,0.011,0.32,98.01,0.05,57.66,0,0.1,0,0,0,0,0.23,40.63,0,0.318,0,0,0.05,5.95,0,0,0.04,6.902,0.75,103.66,0.04,33.481,0,1.1,0.65,258,0,0,0,0,0,0,0,0,0.01,2.37,0,0,0.18,11.16,0.18,11.16,0,0,0.79,9.44
1987,0,0,0,0.171,0,0,0.514,110.05,2.24,501.32,4.94,1154.64,0,0,0.67,244.22,0.321,128.33,0,0,0,0.01,0.99,139.04,0,0.04,0,0,0,0,0.095,2.35,0.08,0.36,0,0,0,0,0,0,0,0,0,0.69,2.24,501.32,0.027,27.42,0,0.63,0.321,128.33,0,0,0,0,0,0,0,0,0,0,0,0,0,0.01,0,0.01,0,0,0,0
1988,0,0,1.49,26.96,0.01,4.21,0.14,47.12,0.4,49.87,10.15,2510.9,0,0,0.33,62.98,1.71,685.76,0.406,149.4,0.9,130.96,1.13,334.1,0.16,100.5,0,0,0.03,0.3,0.02,10.46,0.01,8.97,0.03,8.83,0,0,2.79,519.9,0,0,0.01,1.38,0.4,49.87,0,0,0,0.27,1.71,685.76,0,0,0.02,58.45,0,0,0,0,0.45,308.43,0,0,0,0,0,0,0,0,0.1,2.1
1989,0,0,0.023,1.12,0,0,0,0,0.165,7.05,3.01,956.74,0,0,0.01,1.24,0.652,0,0.78,368.74,0.04,18.76,0.37,69.15,0.13,352.8,0,0.13,0,0,0,0,0,0,0,1.52,0,0,0,0,0,0,0.33,35.87,0.165,7.05,0.08,0,0,0,0.652,0,0,0,0.041,99.56,0,0,0,0,0.004,0.801,0,0,0,0,0,0,0,0,0.009,0
1990,0,0,0.481,77.862,0,0,0,0,0.32,18.17,3.179,695.61,0,0,0.041,14.267,1.204,481.758,0,0,0,0.041,0.207,63.7,0,0,0,0,0,0,0,0,0.083,5.787,0,0,0,0,0.004,4.43,0,0,0.27,0,0.32,18.17,0.045,6.97,0,2.51,1.204,481.758,0,1.53,0,15.72,0,0,0,0,0.045,9.835,0,0,0.041,0,0.041,0,0,0,0.48,0
1991,0,0,0.188,5.22,0,0,0,0,0.405,23.61,2.698,579.015,0,0,0.141,100.352,0.291,116.4,0.007,0.143,0.175,21.54,0.348,117.05,0.578,103.48,0.012,5.09,0,0,0.003,2.21,0,0,0,0,0,0,0,0,0,0,0.001,0.177,0.405,23.61,0.054,8.15,0,0,0.291,116.4,0,0,0,0,0,0,0,0,0,0.022,0,0,0.009,0.053,0.009,0.053,0,0,0.54,83.668
1992,0.24,23.75,0,1,0,0,0.248,137.558,0.025,0.581,1.748,1027.578,0,0,0.006,2.28,0.295,181.28,0.344,112.63,0,0,0.043,17.898,0.441,413.15,0.001,0.01,0,0,0,0,0,0,0,0,0,0,0.024,0,0,0,0.044,7.797,0.025,0.581,0.054,8.1,0,0,0.295,181.28,0,0,0,92.544,0,0,0,0,0,0,0,0,0,0,0,0,0,0,0.037,37.1
1993,0,0,0.043,12.124,0.053,41.34,0,0.08,0.162,66.825,3.206,1308.627,0.009,8.16,0.214,54.772,0.749,368.06,0,0,0.298,116.229,0.215,51.09,0.066,6.84,0.008,17.65,0,0,0.008,6.501,0,0,0.07,2.835,0,0,0.201,348.21,0,0,0.014,2.392,0.162,66.825,0.047,8.4,0,0,0.749,368.06,0.003,4,0.375,201.519,0,0,0,0,0.543,0,0,0,0,0,0,0,0,0,0.175,0
1994,0,0,1.05,0,0,0,0,0,0.331,45.068,3.963,888.622,0,0,0,0,0.598,295.201,0.013,0,0.128,25.8,0.025,8.377,0.198,144.5,0,0.273,0,0,0,0,0.176,11.09,0.001,0,0,0,0.062,0,0,0,0.032,61.58,0.331,45.068,0.034,6.97,0,0,0.598,295.201,0,0,0.476,248.563,0,0,0,0,0.031,16.62,0,0,0.377,31.55,0.377,31.55,0,0,0.465,0
1995,0,0,0,0,0,0,0.041,0,0.424,195.143,3.245,1714.787,0,0,0.463,705.661,0.799,0,0,0,0.005,2.36,0.218,0,0.011,4.049,0,0,0,0,0.011,0,0.591,373.98,0.004,0,0,0,0.276,182.54,0.005,6.99,0.003,0,0.424,195.143,0.045,8.15,0,0,0.799,0,0,0,0.335,233.593,0,0,0,0,0.014,10.471,0,0,0,0,0,0,0,0,0,0
1996,0.005,0,0.003,6.049,0,0,0.046,0,0.734,70.315,3.827,1124.491,0,0,0.083,0,0.678,678,1.128,0,0.069,2.62,0.502,52.042,0.03,59.07,0,0,0,0,0,0,0.21,0,0.006,10.429,0,0,0,0,0,0,0,0,0.734,70.315,0.035,6.95,0,0,0.678,678,0,0,0.299,245.966,0,0,0,0,0,0,0,0,0.014,0,0.014,0,0,0,0.02,0
1997,0,0,0,0,0,0,0,0,0.655,57.377,2.258,692.743,0,0,0.193,0,0.155,0,0.184,128.85,0.019,6.053,0.103,19.456,0.09,243,0,0,0,0,0,0,0,0.073,0,0,0,0,0.086,0,0.155,25.579,0.049,0,0.655,57.377,0.054,8.5,0,0,0.155,0,0.002,18.49,0.254,173.21,0,0,0,0,0.002,6,0,0,0.022,0,0.022,0,0,0,0.444,40.234
1998,0.027,9.97,0,0,0.013,7.819,0,0,1.284,366.967,7.495,2594.167,0,0,0.465,149.725,1.415,224.523,1.405,821.41,0,0,0.478,463.304,0.013,15.977,0,0,0,0,0,0.01,0.001,0.13,0,0,0,0,1.662,9.264,0,0,0.002,0.54,1.284,366.967,0.047,9.96,0,0,1.415,224.523,0,0,0.265,105.765,0,0,0,0,0.335,398.49,0,0,0.115,19.677,0.115,19.677,0,0,0,0
1999,0.003,0.05,0.023,13.31,0.02,10.514,0,0,0.304,242.039,1.753,1850.873,0,0,0.042,1261.2,0.041,10.277,0,0,0,0,0.059,50.461,0.011,5.04,0,0,0,0,0,0,0.02,0.72,0,0,0,0.56,0.664,2.493,0,0,0.013,4.39,0.304,242.039,0.028,6.65,0,0,0.041,10.277,0,0,0.287,234.87,0,0,0,0,0,0,0,0,0.062,10.608,0.062,10.608,0,0,0.15,1.483
2000,0.009,2.16,0,0,0,0,0,0,0.425,75.534,3.58,4246.622,0,0,0.015,3866,0.472,17.389,0.178,18.81,0,0,0.322,173.516,0.008,14.8,0,0,0,0,0.01,6.51,0.004,7.93,0,0,0.003,0.285,1.492,10.07,0,0,0.011,3.79,0.425,75.534,0.026,6.97,0.6,3,0.472,17.389,0,0,0.031,46.828,0,0,0,0,0,0,0,0,0,0,0,0,0,0,0,0
2001,0,0,0,0,0.015,9.194,0,0,0,0,3.964,688.481,0,0,0.049,57.777,0.001,0,0.09,103.18,0.056,2.32,0.036,8.358,0.008,12.3,0,0,0,0,0,0.593,0.001,38.08,0,0,0.004,0.02,1.759,5.724,0,0,0.008,1.3,0.65,267.218,0.041,8.15,0,0,0.29,44.745,0,0,0.006,20.05,0,0,0,0,0,0,0,0,0,0,0.089,50.74,0,0,0.9,66.74
2002,0.32,48.11,0,0,0.012,4.695,0,0,0,0,2.194,913.092,0,0,0.067,165.072,0,0,0,0,0,0,0.299,145.6,0.015,8.751,0,0,0,0,0.011,0.13,0,0,0,0,0,0.004,0.074,2.965,0,0,0.391,21.7,0.941,511.495,0.051,8.8,0,0,0.062,2.583,0,0,0,0,0,0,0,0,0,0,0,0,0.002,1.987,0,0,0,0,0,0
2003,0,0,0,0,0.004,1.56,0,0,0,0,4.268,7307.23,0,0,0.004,13.146,0,0,0.266,575.1,0,0,0.932,147,0,0,0,0,0,0,0.002,0.23,0,0.32,0.043,5678,0,0,0,0,0,0,0.031,74.488,0.61,62.66,0.054,9.1,0,0,1.286,448.574,0,0,0.016,17.79,0,0,0,0,0,0.41,0,0,0.126,22.717,0.003,2.305,0,0,0.891,253.83
2004,0,0,0,0,0.003,4.778,0,0,0,0,2.888,778.694,0,0,0.001,14.218,0,0,0,0,0,0,0.522,37.47,0,0,0.019,0,0,0,0.029,78.05,0.842,0,0.01,103.53,0,0,0,0,0,0,0,0.001,1.399,522.056,0.025,6.65,0,0,0,0,0,0,0,0.673,0,0,0,0,0,0,0,0,0,0,0.001,3.368,0,0,0.037,7.9
2005,0,0,0,0,0.006,3.598,0,0,0,0,12.299,2370.923,0,0,1.38,400,0,0,0.552,939.54,0.11,646.61,9.84,23.47,0,0,0.017,0,0,0,0,0,0.034,0,0,0,0,0,0,0,0,0,0,0,0.135,11.64,0.028,6.95,0,0,0,0,0.039,0,0.048,328.59,0,0,0,0,0,0,0,0,0.011,5.98,0.006,4.544,0,0,0.094,0
2006,0,0,0,0,0.001,1.707,0,0,0,0,1.822,2850.668,0,0,0.155,31.72,0,0,0.824,1569.66,0.12,851,0.01,1.11,0,0,0.001,0,0,0,0,0,0.166,0,0.037,103.54,0,0,0,0,0,0,0,0,0.086,7.06,0.051,9.85,0,0,0,0,0,0,0.094,245.49,0,0,0,0,0,0.08,0,0,0,0,0.028,29.451,0,0,0.249,0
2007,0.029,0.34,0,0,0.007,4.956,0,0,0,0,8.795,3121.532,0,0,2.49,78.375,0,0,0.153,34.87,0.8,1879.84,0.675,0,0,0,0.015,0,0,0,0,0,0.022,0,0.037,94.66,0,0,0,0,0,0,0,0,1.06,768.378,0.051,8.8,0,0,2.955,0,0,0,0.18,239.159,0,0,0,0,0,0,0,0,0,0,0.002,12.154,0,0,0.319,0
2008,0,0,0,0,0.003,3.181,0,0,0,0,3.186,3401.563,0,0,0.125,68.14,0,0,0.996,1742.22,0.07,270.59,0.314,3.29,0.005,22.134,0.022,0,0,0,0,0,0.001,0,0.043,82.85,0,0,0.207,0,0,0,0,0,0.367,34.196,0.051,6.65,0,0,0.422,189.018,0,0,0.093,325.47,0,0,0,0,0.022,0.33,0,0,0,0,0.007,12.244,0,0,0.438,641.25
2009,0,0,0.003,68.953,0,1.006,0,0,0,0,3.592,4232.609,0,0,0.12,1.792,0,0,0.497,893.55,2.39,3028.57,0,0,0.026,158.062,0,0.014,0,0,0,0,0.001,0,0,8.98,0,0,0.005,0,0,0,0,0,0.04,21.83,0.039,7.75,0,0,0.461,42.102,0,0,0,0,0,0,0,0,0.008,0,0,0,0,0,0,0,0,0,0.002,0
2010,0,0,0.67,772.26,0.001,3.875,0,0,0,0,4.994,5887.38,0,0,0.001,0.293,0,0,1.995,3758.87,0.3,760.22,1.47,36.788,0.004,30.572,0,0,0,0,0,0,0,0,0.015,43.35,0,0,0.018,132.021,0,0,0,0,0.01,3.119,0.051,6.65,0,0,0,0,0,0,0.204,285.34,0,0,0,0,0.221,54.022,0,0,0,0,0,0,0,0,0.034,0
2011,0,0,0,3.064,0,5.855,0,0,0,0,2.718,1393.847,0,0,1.231,575.296,0,0,0,0,0,0,0,0,0.01,60.213,0,0,0,0,0,0,0,0,0,0.496,0,0.623,0.197,59.56,0,0,0,0,0.163,59.87,0.025,7.75,0,0,0.396,199.94,0,0,0.157,417.39,0,0,0,0,0,0,0,0,0.008,0.004,0.014,3.787,0,0,0.517,0
2012,0,0,0.61,4.086,0,0,0,0,0.041,3.052,1.95,1534.108,0,1.6,0.012,20.617,0,0,0.465,1033.044,0,0.057,0.328,0,0.002,13.026,0.008,0,0,0,0.005,0,0.292,445.79,0.013,0,0,0,0.003,0,0,0,0,0,0.008,1.638,0,0,0.001,0,0.124,6.979,0,0,0,4.064,0,0,0,0,0,0,0,0,0.037,0,0,0,0,0,0.001,0.155
2013,0,0,0,7.75,0.002,2.163,0,0,0.022,3.894,7.484,6378.078,0,1.72,0.182,533.95,0.059,3059,1.63,44.905,0.228,1703.07,0.001,0,0.011,138.8,0,0,0,0,0,0,0.04,22.3,0.31,8.245,0,0,0.11,136.46,0.002,0.01,0,0,0.6,105.72,0,0,0,0,0.349,0,0,0,0.102,506,0,0,0,0,0.12,104.091,0,0,3.67,0,0,0,0,0,0.046,0
2014,0,0,0,1.147,0,1.449,0.651,5611,0,0,8.007,7255.151,0.004,0,0.051,6.132,0.001,0,0,0,0.91,170.45,0.002,0,0.019,215.563,0,0,0,0,0.016,707,0,0,0.023,97.38,0,0,0.043,49.71,0,0,0,0,0.5,176.4,0,0,0,0,0.45,0,0,0,0.414,189.15,0,0,0,0,0.028,29.77,0,0,0.925,0,0,0,0,0,3.97,0
2015,0.383,2782.788,0,0,0.001,247.908,0,0,0,0,3.374,17043.947,0,0,1.3,11433.68,0,0,0,0,0.174,776.48,0.002,0,0.006,0,0.02,7.2,0,0.477,0,0,0.464,1122.246,0.014,15.294,0,0,0.037,63.86,0,0,0,0,0,0,0.045,35.05,0.6,0,0,0,0.189,0.386,0,121.38,0,0,0,0,0.094,437.2,0,0,0,0,0,0,0,0,0.046,0
2016,0,0,0,0,0.019,89.122,0,0,0,0,6.658,4052.723,0,0,0,0,0,0,0.003,0,3.78,1771.26,0,0,0.002,42.68,0,0,0,0,0.003,17.73,0.796,1014.221,0,0,0,0,0.001,1.14,0,0,0.015,0,0.41,443.53,0,0,0,0,0.277,123.776,0,0,0.035,26.83,0,0,0,0,0.004,518.235,0,0,1.304,0,0,0,0,0,0,0
